﻿<?xml version="1.0" encoding="UTF-8" standalone="yes"?>
<addon id="repo" name="TrueObsidian's Channel" version="1.1.0" provider-name="TrueObsidian">
	<requires>
		<import addon="xbmc.addon" version="13.0.0"/>
	</requires>
	<extension point="xbmc.addon.repository" name="TrueObsidian's Channel">
		<info compressed="true">http://raw.github.com/trueobsidian/repo/addons.xml</info>
		<checksum>http://raw.github.com/trueobsidian/repo/addons.xml.md5</checksum>
		<datadir zip="true">http://raw.github.com/trueobsidian/repo/download</datadir>
		<hashes>false</hashes>
	</extension>
	<extension point="xbmc.addon.metadata">
		<summary lang="en">Install Add-ons from trueobsidian's repository</summary>
		<description lang="en">Download and install add-ons from trueobsidian's addon repository.</description>
		<disclaimer lang="en">I do it, so you don't have to</disclaimer>
		<platform>all</platform>
		<nofanart>true</nofanart>
	</extension>
</addon>