<?xml version="1.0" encoding="UTF-8" standalone="yes"?>
<addon id="repository.OperationRobocop" name="Operation Robocop Ultimate Repository" version="1.1" provider-name="OperationRobocop Dev Team">
	<extension point="xbmc.addon.repository" name="Operation Robocop Ultimate Repository">
		<info compressed="false">http://operationrobocop.cf/repo1/zips/addons.xml</info>
		<checksum>http://operationrobocop.cf/repo1/zips/addons.xml.md5</checksum>
		<datadir zip="true">http://operationrobocop.cf/repo1/zips</datadir>
	</extension>
	<extension point="xbmc.addon.metadata">
		<summary>Install Operation Robocop Ultimate</summary>
		<description>Home of Operation Robocop Ultimate</description>
		<platform>all</platform>
	</extension>
</addon>
